market,commodity,model_track,weight,val_rows,val_mae,val_naive_mae,test_mae,test_mape,naive_test_mae,naive_test_mape,blended_test_mae,blended_test_mape,beats_naive
Ethiopia (Kakuma),Beans (dry),prophet,0.19327038959518103,4,16.07569888131656,26.204999999999995,16.409757154286133,12.175746216440771,12.962,9.495281108916185,8.3804258131802,6.235232739982221,True
Ethiopia (Kakuma),Maize,prophet,0.2867950016550726,4,5.448453732704619,12.7775,18.923196160357833,31.304288526498848,4.556,7.425084054229811,5.030536095049305,8.514295148926191,False
Ethiopia (Kakuma),Maize flour,prophet,0.0,4,12.499596920006589,8.195,13.327777126913762,15.60744032224299,2.2439999999999998,2.574305597123483,2.2439999999999998,2.574305597123483,True
Ethiopia (Kakuma),Rice,prophet,0.0,4,41.13291856277281,16.130000000000006,50.556298845886985,46.36039585943234,13.303999999999998,12.461098901098902,13.303999999999998,12.461098901098902,True
Ethiopia (Kakuma),Salt,prophet,0.005899950559004752,4,17.145271715602536,17.35,21.766446474283043,30.398565823991724,9.0,12.346652047627291,8.920454396720563,12.23042392194432,True
Ethiopia (Kakuma),Sugar,prophet,0.0,4,25.027353231698044,6.417499999999997,34.61185925316077,21.280328962645275,9.466000000000003,5.867874154368682,9.466000000000003,5.867874154368682,True
Ethiopia (Kakuma),Wheat flour,prophet,0.0,4,9.957922497218238,6.920000000000002,19.095260948296545,20.75166102189149,3.066,3.305591494000854,3.066,3.305591494000854,True
Garissa,Maize (white),prophet,0.0,4,2.939002800095029,0.5,2.9951610095180996,4.295185565121414,0.4,0.5714285714285714,0.4,0.5714285714285714,True
Hagadera (Daadab),Beans (dry),prophet,0.09412397499974459,5,4.534105954322181,5.337999999999999,10.016077045793589,8.297717168119672,1.534999999999999,1.2763910400665957,1.938142637441236,1.6057385267869464,False
Hagadera (Daadab),Maize,prophet,0.0,5,8.390388246057967,7.391999999999999,4.394712761964118,7.327473836771392,0.22400000000000092,0.3750919694930477,0.22400000000000092,0.3750919694930477,True
Hagadera (Daadab),Maize flour,prophet,0.06495179848192763,5,1.8996834995493004,2.1199999999999988,5.06233123975731,5.142467403677293,3.020000000000001,3.099392757967273,2.9544578285067877,3.0243818111723857,True
Hagadera (Daadab),Meat (camel),prophet,0.0,5,66.82953005844533,0.0,55.74055075376541,9.290091792294234,0.0,0.0,0.0,0.0,True
Hagadera (Daadab),Meat (goat),prophet,0.0,5,85.12597162020722,8.663999999999987,133.36165193794722,16.670206492243402,1.2960000000000036,0.16200000000000045,1.2960000000000036,0.16200000000000045,True
Hagadera (Daadab),Potatoes (Irish),prophet,0.0,5,10.59049235759038,4.6659999999999995,9.211256711230144,12.664286702713248,6.738333333333332,9.156225925296969,6.738333333333332,9.156225925296969,True
Hagadera (Daadab),Rice,prophet,0.0,5,8.859876394839237,4.207999999999998,13.630888182609942,13.426640697761941,2.9750000000000014,2.817350628482357,2.9750000000000014,2.817350628482357,True
Hagadera (Daadab),Salt,prophet,0.0,5,8.280290163351792,4.109999999999999,9.734128937253386,16.356689144110042,8.891666666666666,16.067620682771754,8.891666666666666,16.067620682771754,True
Hagadera (Daadab),Sugar,prophet,0.0,5,11.561251327187776,3.1160000000000023,12.346271972261865,10.263274866826002,2.8900000000000006,2.3923950220362995,2.8900000000000006,2.3923950220362995,True
Hagadera (Daadab),Wheat flour,prophet,0.0,5,2.7852934635506585,1.6059999999999974,2.569592257649217,2.5993214592938254,1.2383333333333322,1.2532855219406023,1.2383333333333322,1.2532855219406023,True
HongKong (Kakuma),Beans (dry),prophet,0.0,4,85.15159890452,32.43,83.6894722144524,56.56156951530136,3.389999999999998,2.3109045866783076,3.389999999999998,2.3109045866783076,True
HongKong (Kakuma),Maize,prophet,0.0,4,45.18500211169092,13.75,21.311351972193712,34.73088556199964,5.3340000000000005,8.313809523809525,5.3340000000000005,8.313809523809525,True
HongKong (Kakuma),Maize flour,prophet,0.0,4,19.1131697623854,3.495000000000001,19.93490043749555,23.70573733100853,3.872,4.456562603926998,3.872,4.456562603926998,True
HongKong (Kakuma),Rice,prophet,0.23541569898436243,4,16.340726430725777,30.880000000000003,26.375431857884998,17.64622800399822,10.297999999999991,6.966022427962089,13.094157238733231,8.790487967512298,False
HongKong (Kakuma),Salt,prophet,0.0,5,23.237126655778717,14.940000000000003,14.281195756765152,20.378884242405224,10.510000000000005,14.413359703562262,10.510000000000005,14.413359703562262,True
HongKong (Kakuma),Sugar,prophet,0.0,5,21.9085660792098,7.8,42.52552831513626,26.12669184165815,2.067999999999995,1.268551003735167,2.067999999999995,1.268551003735167,True
HongKong (Kakuma),Wheat flour,prophet,0.0,5,12.865831547355546,5.331999999999999,20.82343717576374,23.05752577826288,1.0,1.0960960960960962,1.0,1.0960960960960962,True
IFO (Daadab),Beans (dry),prophet,0.0,5,11.754760069582584,3.8759999999999963,15.148422613052569,12.4532895470363,2.1666666666666665,1.7738107576527489,2.1666666666666665,1.7738107576527489,True
IFO (Daadab),Maize,prophet,0.0,5,5.896005627839384,4.130000000000001,4.79879877206561,7.148394156490863,3.013333333333333,4.582370745187929,3.013333333333333,4.582370745187929,True
IFO (Daadab),Maize flour,prophet,0.0,5,7.452527639053116,1.1939999999999968,8.19070294271907,8.07766528560766,1.7759999999999991,1.7477014585631026,1.7759999999999991,1.7477014585631026,True
IFO (Daadab),Meat (camel),prophet,0.0,5,63.466504638303924,46.624,52.54939447188557,8.27076592439699,59.1,9.16251199040075,59.1,9.16251199040075,True
IFO (Daadab),Meat (goat),prophet,0.0,5,75.78086847445255,22.675999999999977,41.94374923923344,5.150418302133907,9.211999999999989,1.1302316021533962,9.211999999999989,1.1302316021533962,True
IFO (Daadab),Potatoes (Irish),prophet,0.0,5,32.01027335048227,3.5179999999999993,23.39860354071782,32.4058474257141,12.675000000000002,17.688309816623384,12.675000000000002,17.688309816623384,True
IFO (Daadab),Rice,prophet,0.0,5,11.925412991988598,3.0899999999999976,7.092394817689552,5.934251787546022,5.921666666666667,5.018147830946285,5.921666666666667,5.018147830946285,True
IFO (Daadab),Salt,prophet,0.0,5,8.791218382332932,8.440000000000003,39.446880622564656,47.112839688948924,7.883333333333333,9.505018968368741,7.883333333333333,9.505018968368741,True
IFO (Daadab),Sugar,prophet,0.0,5,15.371417297845444,4.023999999999998,12.867009255976848,10.70086527422181,0.9750000000000014,0.8025832267899815,0.9750000000000014,0.8025832267899815,True
IFO (Daadab),Wheat flour,prophet,0.0,5,4.180216319924478,1.0640000000000043,8.503632365135024,8.350263651042585,2.1499999999999986,2.076583841238848,2.1499999999999986,2.076583841238848,True
Kajiado,Beans (dry),prophet,0.0,7,19.253535813203687,8.942857142857141,11.181412386718748,10.810283047986735,2.4285714285714284,2.385221751397814,2.4285714285714284,2.385221751397814,True
Kajiado,Maize (white),prophet,0.0,7,7.033284092179818,4.485714285714286,8.829729010707846,16.59086704622632,2.142857142857143,4.063619120222894,2.142857142857143,4.063619120222894,True
Kakuma 2,Beans (dry),prophet,0.0,5,45.87705256210137,16.68,46.24099117596103,38.39275357582162,9.586000000000002,8.016131611187014,9.586000000000002,8.016131611187014,True
Kakuma 2,Maize,prophet,0.0,5,11.032486053065126,11.018,14.54350854153011,26.03619082720089,4.520000000000001,8.0494938621594,4.520000000000001,8.0494938621594,True
Kakuma 2,Maize flour,prophet,0.0,5,13.558198104127593,1.3879999999999995,20.007145707874816,23.295621065085264,11.39,12.721521333334914,11.39,12.721521333334914,True
Kakuma 2,Potatoes (Irish),prophet,0.0,4,21.507149828334352,6.335000000000001,24.14742094163747,28.917548176941764,4.9319999999999995,5.640964533604381,4.9319999999999995,5.640964533604381,True
Kakuma 2,Rice,prophet,0.0,5,59.19511116008997,22.592000000000002,45.615709640734075,40.53696019817733,29.927999999999997,22.537153202247538,29.927999999999997,22.537153202247538,True
Kakuma 2,Salt,prophet,0.0,4,11.17347831711019,7.262500000000001,22.65253748791336,31.476381808279196,6.8100000000000005,9.545380191201646,6.8100000000000005,9.545380191201646,True
Kakuma 2,Sugar,prophet,0.0,4,23.502165067644277,8.332500000000003,83.86316096194761,50.66174704122187,5.75,3.518843361477083,5.75,3.518843361477083,True
Kakuma 2,Wheat flour,prophet,0.0,5,5.634859747176785,2.4,20.750773337110846,23.03578232723,3.8659999999999997,4.430632808726042,3.8659999999999997,4.430632808726042,True
Kakuma 3,Beans (dry),prophet,0.21827754882777536,5,16.268898046888985,25.0,9.0212809342474,7.31815866172183,5.426666666666667,4.179481350478734,5.892246696560932,4.629318755583482,False
Kakuma 3,Maize,prophet,0.0,5,10.255530810805201,8.336000000000002,8.25148866357161,13.703775613299083,5.1933333333333325,7.530319479183277,5.1933333333333325,7.530319479183277,True
Kakuma 3,Maize flour,prophet,0.0,5,17.14940021290472,2.2,32.63068756388782,37.82811590039506,4.123333333333335,4.768599971257622,4.123333333333335,4.768599971257622,True
Kakuma 3,Meat (beef),prophet,0.0,3,104.9009332374197,30.556666666666654,136.45439853927496,25.277655914447035,37.5,7.2727272727272725,37.5,7.2727272727272725,True
Kakuma 3,Meat (goat),prophet,0.0,4,151.09570056443562,37.5,88.6075057700316,12.45073360784262,65.556,9.449205552203026,65.556,9.449205552203026,True
Kakuma 3,Potatoes (Irish),prophet,0.0,5,21.199167737222254,8.916,13.073646897760378,16.016680337344162,2.0,2.40944750754471,2.0,2.40944750754471,True
Kakuma 3,Rice,prophet,0.0,5,38.649173314104495,29.333999999999996,29.389924491112662,19.98974571404819,11.695000000000007,7.492622637524414,11.695000000000007,7.492622637524414,True
Kakuma 3,Salt,prophet,0.2312591807206107,5,55.419807795212606,87.97,22.328383774379276,28.126828559182133,12.808333333333332,17.36831499541552,14.089649679278052,18.383867676791034,False
Kakuma 3,Sugar,prophet,0.0,5,16.514573460579594,6.8180000000000005,23.718797057357552,15.023662453317632,2.8383333333333334,1.8600532569282573,2.8383333333333334,1.8600532569282573,True
Kakuma 3,Wheat flour,prophet,0.0,5,8.738031774124186,5.556,17.448365792443422,19.276357314074502,2.2216666666666662,2.4398244892914955,2.2216666666666662,2.4398244892914955,True
Kakuma 4,Beans (dry),prophet,0.0,5,62.89330040251359,17.666000000000004,88.6344834271453,74.15945924474018,6.0,5.011664549507459,6.0,5.011664549507459,True
Kakuma 4,Maize,prophet,0.01902495285555622,5,8.202478238147188,8.459999999999997,15.167389506274494,25.20139514941172,4.298,7.268489053227207,4.469335530431666,7.555116988587335,False
Kakuma 4,Maize flour,prophet,0.0,5,11.307175717509034,5.613999999999999,21.287793589048544,26.499236310534446,1.7860000000000014,2.2200755401939065,1.7860000000000014,2.2200755401939065,True
Kakuma 4,Potatoes (Irish),prophet,0.0,4,20.199237664846294,10.0,12.194533564387914,12.596237365123725,12.356,13.232665823556067,12.356,13.232665823556067,True
Kakuma 4,Rice,prophet,0.0,5,18.97403020232812,12.668000000000001,40.9090234019875,35.30094068923733,10.831999999999999,8.783549768131978,10.831999999999999,8.783549768131978,True
Kakuma 4,Salt,prophet,0.2617357123758662,5,12.240553435782813,21.06,15.75005491720727,19.72310592229031,5.366666666666667,6.367003367003367,4.5227561835250585,5.3376701629756464,True
Kakuma 4,Sugar,prophet,0.0,4,17.949047856596373,9.489999999999995,1414.4960185380514,875.8892274783811,3.219999999999999,1.9921147286258336,3.219999999999999,1.9921147286258336,True
Kakuma 4,Wheat flour,prophet,0.0,5,12.371087897604102,5.578,24.108848795851184,26.878136111011603,2.315,2.595274264390212,2.315,2.595274264390212,True
Kalobeyei (Village 1),Beans (dry),prophet,0.0,5,51.3547055717381,22.094,57.81782359388714,52.17298755915225,15.291666666666666,13.666469411431265,15.291666666666666,13.666469411431265,True
Kalobeyei (Village 1),Maize,prophet,0.0,5,11.383580318853458,7.5699999999999985,10.580624885795618,19.760282278285914,7.1433333333333335,12.868630187483735,7.1433333333333335,12.868630187483735,True
Kalobeyei (Village 1),Maize flour,prophet,0.0,5,18.161363519878805,2.0,22.473247038149463,29.261861964234708,3.8900000000000006,5.153004797180291,3.8900000000000006,5.153004797180291,True
Kalobeyei (Village 1),Potatoes (Irish),prophet,0.0,4,44.55880717084933,9.585,42.766038550667844,52.797636682463065,12.5,14.84135712449032,12.5,14.84135712449032,True
Kalobeyei (Village 1),Rice,prophet,0.0,5,7.892851458663517,7.579999999999998,10.318077851384851,9.10440373432402,6.350000000000001,5.612976295441149,6.350000000000001,5.612976295441149,True
Kalobeyei (Village 1),Salt,prophet,0.0,5,16.134857184490407,3.069999999999999,45.53132752214584,57.73692684489406,9.941666666666668,11.866666666666665,9.941666666666668,11.866666666666665,True
Kalobeyei (Village 1),Sugar,prophet,0.0,5,18.25919856136075,3.7840000000000034,33.34855745370375,21.85428360840984,4.321666666666663,2.81425724265008,4.321666666666663,2.81425724265008,True
Kalobeyei (Village 1),Wheat flour,prophet,0.0,5,8.042309902765316,4.595999999999998,18.652762556069614,19.81920929719642,1.6566666666666663,1.7740268610043142,1.6566666666666663,1.7740268610043142,True
Kalobeyei (Village 2),Beans (dry),prophet,0.0,5,55.15774916278931,23.0,91.42546197330886,84.95489050901848,16.0,14.871794871794872,16.0,14.871794871794872,True
Kalobeyei (Village 2),Maize,prophet,0.0937120979701509,5,6.232644636292565,7.331999999999999,41.504636456656876,78.6876114688708,3.997999999999999,7.876287982284605,7.211938006683151,13.947966184774444,False
Kalobeyei (Village 2),Maize flour,prophet,0.0,5,10.761423594687935,3.3319999999999994,52.81263825117397,67.92708193417322,1.9979999999999989,2.569815768879612,1.9979999999999989,2.569815768879612,True
Kalobeyei (Village 2),Rice,prophet,0.0,5,29.957497326391387,16.0,41.13870624758461,35.04230979747106,13.334000000000007,10.911724893372165,13.334000000000007,10.911724893372165,True
Kalobeyei (Village 2),Salt,prophet,0.47676805113845355,5,1.579559647068639,6.659999999999999,16.527672958298297,22.235605110399177,11.330000000000002,15.325988493083612,12.089169478447408,15.674403313153777,False
Kalobeyei (Village 2),Sugar,prophet,0.0,5,30.14164907849925,3.9,92.6946950128392,61.90394596959844,3.932000000000005,2.621876279566722,3.932000000000005,2.621876279566722,True
Kalobeyei (Village 2),Wheat flour,prophet,0.0,5,19.041550342557287,7.9,51.61973251315705,59.63952227755972,3.2659999999999996,3.788208033036357,3.2659999999999996,3.788208033036357,True
Kalobeyei (Village 3),Beans (dry),prophet,0.0,4,47.813184963746124,14.1675,72.06660980412799,66.34726596245406,4.0,3.7026971185427024,4.0,3.7026971185427024,True
Kalobeyei (Village 3),Maize flour,prophet,0.0,4,9.41697456825623,4.1675,40.35339517604901,49.75342831428363,1.3319999999999994,1.6317319692787706,1.3319999999999994,1.6317319692787706,True
Kalobeyei (Village 3),Rice,prophet,0.0,4,18.380650839706014,7.0825,34.880378385552646,31.265887799040414,11.0,9.1601624694087,11.0,9.1601624694087,True
Kalobeyei (Village 3),Salt,prophet,0.0,4,6.613825810356843,3.125,23.254479069625734,31.581963042019044,5.0,6.8181818181818175,5.0,6.8181818181818175,True
Kalobeyei (Village 3),Sugar,prophet,0.0,4,17.635851534065893,6.25,61.991029753134264,40.553176450897375,3.0,1.9508241631776848,3.0,1.9508241631776848,True
Kalobeyei (Village 3),Wheat flour,prophet,0.0,4,12.554542976814822,6.25,32.702137209721926,36.93252375668635,3.4659999999999997,3.7618141910141776,3.4659999999999997,3.7618141910141776,True
Kilifi,Beans (dry),prophet,0.0,7,13.254529373266207,3.77142857142857,7.1778115520030825,6.789794925358344,2.3714285714285706,2.2318906438310466,2.3714285714285706,2.2318906438310466,True
Kilifi,Maize (white),prophet,0.025902213791240483,7,3.063683440851198,3.1571428571428575,3.942930494742708,9.477646073778585,2.2857142857142825,5.6791657401040165,2.276561938330548,5.651322249820163,True
Kitui,Beans (dry),prophet,0.0,17,10.216441628338105,3.4647058823529413,6.783015544062575,7.600715400897162,4.3888888888888875,4.9522245182800715,4.3888888888888875,4.9522245182800715,True
Kitui,Maize (white),prophet,0.0,17,8.789690449461476,2.7070588235294117,6.760953335229063,19.06069653978061,2.011111111111111,5.658255993080123,2.011111111111111,5.658255993080123,True
Lodwar (Turkana),Maize (white),prophet,0.0,11,19.51513707938901,3.872727272727272,31.96487998097933,48.300100018032786,2.5454545454545454,3.8287383122949956,2.5454545454545454,3.8287383122949956,True
Mandera,Maize (white),prophet,0.0,14,5.947197022413708,1.7142857142857142,18.85608650652584,23.163450126721465,2.0399999999999996,2.5034220580704907,2.0399999999999996,2.5034220580704907,True
Marigat (Baringo),Beans (dry),prophet,0.1264912662197826,7,5.401483433973161,6.314285714285715,10.877252174852556,8.920305369500598,6.371428571428573,5.463958649060699,5.3261084489129065,4.538943370908755,True
Marigat (Baringo),Maize (white),prophet,0.0,7,3.320433325274007,1.1428571428571428,3.5899496543664435,8.276902709360254,2.0,4.67625344018091,2.0,4.67625344018091,True
Marsabit,Maize (white),prophet,0.0,17,2.9775156128417075,2.176470588235294,2.509177732468107,5.378132511342266,1.7999999999999996,3.8520367965524236,1.7999999999999996,3.8520367965524236,True
Mogadishu (Kakuma),Beans (dry),prophet,0.0,4,54.3630029280377,22.36,72.52385890332833,60.81873971434397,27.502499999999994,23.663584027733762,27.502499999999994,23.663584027733762,True
Mogadishu (Kakuma),Maize flour,prophet,0.0,4,14.977218838239725,7.2925,33.40633083209499,39.52743996979729,4.1659999999999995,4.98519559067408,4.1659999999999995,4.98519559067408,True
Mogadishu (Kakuma),Rice,prophet,0.0,4,59.996892761466334,54.7225,53.070573272791286,40.25943602827344,24.889999999999997,17.97813789378825,24.889999999999997,17.97813789378825,True
Mogadishu (Kakuma),Salt,prophet,0.0,4,14.678816247710891,9.9,18.18361781164868,25.273955820688244,12.08,18.159999999999997,12.08,18.159999999999997,True
Mogadishu (Kakuma),Sugar,prophet,0.0,4,36.73992882153509,9.93,58.90427648632544,36.93280870892088,6.610000000000002,4.214606405961639,6.610000000000002,4.214606405961639,True
Nairobi,Bread,prophet,0.0,17,3.840661891117617,0.7352941176470589,6.966264388330747,6.297830061466733,1.3888888888888888,1.2630177746456817,1.3888888888888888,1.2630177746456817,True
Kangemi (Nairobi),Maize,lstm,0.0,1,1.1394238156080263,0.0,1.0621314358711231,2.1242628717422463,0.0,,0.0,0.0,True
Kangemi (Nairobi),Maize flour,lstm,0.0,1,2.3471342366933854,2.480000000000004,3.825409912467002,6.332627525669501,3.844999999999999,,3.844999999999999,6.35751382141062,True
Kangemi (Nairobi),Meat (beef),lstm,0.0,1,69.91631592631336,80.0,27.08392365753656,4.948060468443324,20.0,,20.0,3.6531986531986527,True
Kangemi (Nairobi),Rice,lstm,0.0,1,0.604986569881433,0.6200000000000045,1.3895486760139448,1.3895486760139448,0.0,,0.0,0.0,True
Kangemi (Nairobi),Salt,lstm,0.0,1,0.5437339246273041,0.0,0.551456555724144,1.102913111448288,0.0,,0.0,0.0,True
Kangemi (Nairobi),Sugar,lstm,0.0,1,18.507776327729218,16.0,4.7469370889663765,4.065418237114797,4.530000000000001,,4.530000000000001,3.9310002768118872,True
Kangemi (Nairobi),Wheat flour,lstm,0.0,1,0.9664995694160439,1.2000000000000028,1.366098860502241,1.9881513849489514,1.4949999999999974,,1.4949999999999974,2.1727749349886714,True
Kawangware (Nairobi),Maize flour,lstm,0.0,1,7.725119699239734,6.270000000000003,3.688773843348031,6.1057744035311305,3.725000000000005,,3.725000000000005,6.289291607219055,True
Kawangware (Nairobi),Meat (beef),lstm,0.0,1,61.949061635434646,67.38000000000005,16.113263316750533,2.929684239409188,12.855000000000018,,12.855000000000018,2.3372727272727305,True
Kawangware (Nairobi),Potatoes (Irish),lstm,0.0,1,18.695463466644284,18.75,0.484298729896544,0.7113921652574055,0.5150000000000006,,0.5150000000000006,0.7560230290403295,True
Kawangware (Nairobi),Rice,lstm,0.0,1,0.1494078862667152,0.6700000000000017,0.9739374881982883,0.9739374881982883,0.0,,0.0,0.0,True
Kawangware (Nairobi),Salt,lstm,0.0,1,0.9215785503387437,0.0,0.9210017681121805,1.8420035362243612,0.0,,0.0,0.0,True
Kawangware (Nairobi),Sugar,lstm,0.0,1,40.152121928334225,39.41,18.584053065627813,16.255524819593198,17.689999999999998,,17.689999999999998,15.531653088178551,True
Kawangware (Nairobi),Wheat flour,lstm,0.0,1,7.394201375246055,7.210000000000008,1.9350027108192407,2.7841969860412763,1.7299999999999969,,1.7299999999999969,2.492799364437378,True
Kibra (Nairobi),Beans (dry),lstm,0.0,1,17.37021019339562,10.0,8.050203250646597,6.19246403895892,0.0,,0.0,0.0,True
Kibra (Nairobi),Maize,lstm,0.0,1,5.4945673084259,5.0,2.452811134159564,5.395739486085042,2.5,,2.5,5.555555555555555,True
Kibra (Nairobi),Maize flour,lstm,0.0,1,3.3316950547695185,2.5,2.080598091185095,3.6513047852535063,1.25,,1.25,2.1739130434782608,True
Kibra (Nairobi),Rice,lstm,0.0,1,0.36022605776786065,0.0,0.5253138837218216,0.5253138837218216,0.0,,0.0,0.0,True
Kibra (Nairobi),Salt,lstm,0.0,1,1.895989179611206,0.0,1.7979514300823212,3.5959028601646423,0.0,,0.0,0.0,True
Kibra (Nairobi),Sorghum,lstm,0.0,1,0.1469875121116644,0.0,0.23690189212560853,0.29612736515701066,0.0,,0.0,0.0,True
Kibra (Nairobi),Sugar,lstm,0.0,1,29.742854965925233,28.330000000000013,4.653927514553061,3.7265298380161127,4.584999999999994,,4.584999999999994,3.7035321821036056,True
Kibra (Nairobi),Wheat flour,lstm,0.0,1,2.0540194094181032,4.170000000000002,1.6287432792782823,2.412953006338196,0.41499999999999915,,0.41499999999999915,0.6148148148148135,True
Mathare (Nairobi),Meat (beef),lstm,0.0,1,28.040210900306647,0.0,25.710218812227254,4.674585238586773,0.0,,0.0,0.0,True
Mukuru (Nairobi),Beans (dry),lstm,0.0,1,3.1367592370510096,0.0,3.136762506365784,2.61396875530482,0.0,,0.0,0.0,True
Mukuru (Nairobi),Maize,lstm,0.0,1,9.774583060145382,10.0,4.774583060145382,7.957638433575637,5.0,,5.0,8.333333333333332,True
Mukuru (Nairobi),Maize flour,lstm,0.0,1,14.59738460659981,15.0,5.402615393400183,9.004358989000304,5.0,,5.0,8.333333333333332,True
Mukuru (Nairobi),Meat (beef),lstm,0.0,1,18.367132978439372,0.0,18.36714362621308,3.339480659311469,0.0,,0.0,0.0,True
Mukuru (Nairobi),Potatoes (Irish),lstm,0.0,1,14.782467936277392,15.0,30.217532639503474,86.3358075414385,30.0,,30.0,85.71428571428571,True
Mukuru (Nairobi),Rice,lstm,0.0,1,0.22725053608417056,0.0,0.22725053608417056,0.22725053608417056,0.0,,0.0,0.0,True
Mukuru (Nairobi),Salt,lstm,0.0,1,1.7773459821939426,0.0,1.7773459821939426,3.554691964387885,0.0,,0.0,0.0,True
Mukuru (Nairobi),Sorghum,lstm,0.0,1,5.165985802412038,10.0,4.834015588164334,6.042519485205418,0.0,,0.0,0.0,True
Mukuru (Nairobi),Sugar,lstm,0.0,1,19.252168428897846,18.849999999999994,1.9478315711021423,1.671958430130594,2.3499999999999943,,2.3499999999999943,2.017167381974244,True
Mukuru (Nairobi),Wheat flour,lstm,0.0,1,0.3067904132604582,0.0,0.3067904132604582,0.43827201894351175,0.0,,0.0,0.0,True
