market,commodity,model_track,n_test,naive_mae,naive_mape,model_mae,model_mape
Ethiopia (Kakuma),Beans (dry),prophet,5,12.962,9.495281108916185,16.409758064580025,12.175747117235328
Ethiopia (Kakuma),Maize,prophet,5,4.556,7.425084054229811,18.92319616053139,31.3042885267888
Ethiopia (Kakuma),Maize flour,prophet,5,2.2439999999999998,2.574305597123483,13.327777126891856,15.607440322219023
Ethiopia (Kakuma),Rice,prophet,5,13.303999999999998,12.461098901098902,50.55629884577981,46.36039585933777
Ethiopia (Kakuma),Salt,prophet,5,9.0,12.346652047627291,21.766446472379396,30.39856582131361
Ethiopia (Kakuma),Sugar,prophet,5,9.466000000000003,5.867874154368682,34.61185925323226,21.280328962690977
Ethiopia (Kakuma),Wheat flour,prophet,5,3.066,3.305591494000854,19.067317978409314,20.726655148343514
Garissa,Maize (white),prophet,5,0.4,0.5714285714285714,2.995163076887374,4.2951885789459725
Hagadera (Daadab),Beans (dry),prophet,6,1.534999999999999,1.2763910400665957,10.016077053279053,8.297717174307463
Hagadera (Daadab),Maize,prophet,5,0.22400000000000092,0.3750919694930477,4.394708570433984,7.327466784084077
Hagadera (Daadab),Maize flour,prophet,6,3.020000000000001,3.099392757967273,5.062331240923553,5.142467404878541
Hagadera (Daadab),Meat (camel),prophet,5,0.0,0.0,55.74055043833293,9.290091739722158
Hagadera (Daadab),Meat (goat),prophet,5,1.2960000000000036,0.16200000000000045,133.36165193950032,16.670206492437543
Hagadera (Daadab),Potatoes (Irish),prophet,6,6.738333333333332,9.156225925296969,9.211256710085502,12.664286701316948
Hagadera (Daadab),Rice,prophet,6,2.9750000000000014,2.817350628482357,13.630888826943952,13.426641357640426
Hagadera (Daadab),Salt,prophet,6,8.891666666666666,16.067620682771754,9.734128938755543,16.356689146812485
Hagadera (Daadab),Sugar,prophet,6,2.8900000000000006,2.3923950220362995,12.346271536492557,10.263274478203854
Hagadera (Daadab),Wheat flour,prophet,6,1.2383333333333322,1.2532855219406023,2.569592252799213,2.599321454408786
HongKong (Kakuma),Beans (dry),prophet,5,3.389999999999998,2.3109045866783076,83.68947665027858,56.56157249637671
HongKong (Kakuma),Maize,prophet,5,5.3340000000000005,8.313809523809525,21.311357773459058,34.7308944361891
HongKong (Kakuma),Maize flour,prophet,5,3.872,4.456562603926998,19.93490043751141,23.705737331027173
HongKong (Kakuma),Rice,prophet,5,10.297999999999991,6.966022427962089,26.37543181464677,17.646227975816718
HongKong (Kakuma),Salt,prophet,5,10.510000000000005,14.413359703562262,14.28119575406131,20.378884238459023
HongKong (Kakuma),Sugar,prophet,5,2.067999999999995,1.268551003735167,42.52552831506055,26.12669184161164
HongKong (Kakuma),Wheat flour,prophet,5,1.0,1.0960960960960962,20.823437089882958,23.0575256841086
IFO (Daadab),Beans (dry),prophet,6,2.1666666666666665,1.7738107576527489,15.148423511168744,12.453290273930282
IFO (Daadab),Maize,prophet,6,3.013333333333333,4.582370745187929,4.798798856078251,7.1483942827907
IFO (Daadab),Maize flour,prophet,5,1.7759999999999991,1.7477014585631026,8.190702595450606,8.077664947664038
IFO (Daadab),Meat (camel),prophet,6,59.1,9.16251199040075,52.54939482364807,8.27076598076772
IFO (Daadab),Meat (goat),prophet,5,9.211999999999989,1.1302316021533962,41.94374922093016,5.150418299888377
IFO (Daadab),Potatoes (Irish),prophet,6,12.675000000000002,17.688309816623384,23.398604463787024,32.40584955078196
IFO (Daadab),Rice,prophet,6,5.921666666666667,5.018147830946285,7.092392906497158,5.934250136618269
IFO (Daadab),Salt,prophet,6,7.883333333333333,9.505018968368741,39.446880622555184,47.112839688936994
IFO (Daadab),Sugar,prophet,6,0.9750000000000014,0.8025832267899815,12.867009154268652,10.700865188969459
IFO (Daadab),Wheat flour,prophet,6,2.1499999999999986,2.076583841238848,8.503633249771438,8.350264511605813
Kajiado,Beans (dry),prophet,7,2.4285714285714284,2.385221751397814,11.181412386712278,10.810283047981926
Kajiado,Maize (white),prophet,7,2.142857142857143,4.063619120222894,8.829729010538932,16.590867045909405
Kakuma 2,Beans (dry),prophet,5,9.586000000000002,8.016131611187014,46.24099858126513,38.39275957195618
Kakuma 2,Maize,prophet,5,4.520000000000001,8.0494938621594,14.543537035167088,26.03624014702418
Kakuma 2,Maize flour,prophet,5,11.39,12.721521333334914,20.00714568663617,23.295621031409702
Kakuma 2,Potatoes (Irish),prophet,5,4.9319999999999995,5.640964533604381,24.14742094457361,28.91754818050928
Kakuma 2,Rice,prophet,5,29.927999999999997,22.537153202247538,45.61571045268634,40.5369609950438
Kakuma 2,Salt,prophet,5,6.8100000000000005,9.545380191201646,22.65253755868033,31.476381876333388
Kakuma 2,Sugar,prophet,4,5.75,3.518843361477083,83.86341698143835,50.66190618902501
Kakuma 2,Wheat flour,prophet,5,3.8659999999999997,4.430632808726042,20.75078181872213,23.035792082651696
Kakuma 3,Beans (dry),prophet,6,5.426666666666667,4.179481350478734,9.021277946650178,7.318156224234719
Kakuma 3,Maize,prophet,6,5.1933333333333325,7.530319479183277,8.251488665337884,13.703775608604538
Kakuma 3,Maize flour,prophet,6,4.123333333333335,4.768599971257622,32.63068992734768,37.8281186851
Kakuma 3,Meat (beef),prophet,4,37.5,7.2727272727272725,136.45464756011177,25.277698192428925
Kakuma 3,Meat (goat),prophet,5,65.556,9.449205552203026,88.60750577120727,12.450733608006773
Kakuma 3,Potatoes (Irish),prophet,5,2.0,2.40944750754471,13.073646900783718,16.01668034104672
Kakuma 3,Rice,prophet,6,11.695000000000007,7.492622637524414,29.389924469910895,19.989745700361418
Kakuma 3,Salt,prophet,6,12.808333333333332,17.36831499541552,22.328382992908104,28.126827433499006
Kakuma 3,Sugar,prophet,6,2.8383333333333334,1.8600532569282573,23.718797057374644,15.023662453328837
Kakuma 3,Wheat flour,prophet,6,2.2216666666666662,2.4398244892914955,17.44836590999972,19.276357432090737
Kakuma 4,Beans (dry),prophet,5,6.0,5.011664549507459,88.63448589314825,74.15946130030775
Kakuma 4,Maize,prophet,5,4.298,7.268489053227207,15.167389506745867,25.20139515028471
Kakuma 4,Maize flour,prophet,5,1.7860000000000014,2.2200755401939065,21.287792777900478,26.499235308754947
Kakuma 4,Potatoes (Irish),prophet,5,12.356,13.232665823556067,12.194533564423352,12.59623736516621
Kakuma 4,Rice,prophet,5,10.831999999999999,8.783549768131978,40.90902336745077,35.30094065749319
Kakuma 4,Salt,prophet,6,5.366666666666667,6.367003367003367,15.750054917461398,19.72310592261586
Kakuma 4,Sugar,prophet,4,3.219999999999999,1.9921147286258336,1414.4960185633313,875.8892274943289
Kakuma 4,Wheat flour,prophet,6,2.315,2.595274264390212,24.10884882898715,26.87813614801275
Kalobeyei (Village 1),Beans (dry),prophet,6,15.291666666666666,13.666469411431265,57.81782113564412,52.17298531887643
Kalobeyei (Village 1),Maize,prophet,6,7.1433333333333335,12.868630187483735,10.580624894705146,19.76028230141742
Kalobeyei (Village 1),Maize flour,prophet,6,3.8900000000000006,5.153004797180291,22.473247038180343,29.26186196427254
Kalobeyei (Village 1),Potatoes (Irish),prophet,4,12.5,14.84135712449032,42.76603855547336,52.79763668846789
Kalobeyei (Village 1),Rice,prophet,6,6.350000000000001,5.612976295441149,10.318077851333946,9.10440373426889
Kalobeyei (Village 1),Salt,prophet,6,9.941666666666668,11.866666666666665,45.531326161178896,57.73692503526887
Kalobeyei (Village 1),Sugar,prophet,6,4.321666666666663,2.81425724265008,33.34855745371213,21.854283608415216
Kalobeyei (Village 1),Wheat flour,prophet,6,1.6566666666666663,1.7740268610043142,18.652761874000635,19.819208564101473
Kalobeyei (Village 2),Beans (dry),prophet,5,16.0,14.871794871794872,91.42539029841491,84.95483135284522
Kalobeyei (Village 2),Maize,prophet,5,3.997999999999999,7.876287982284605,41.504636456669274,78.68761146889327
Kalobeyei (Village 2),Maize flour,prophet,5,1.9979999999999989,2.569815768879612,52.81263949679469,67.92708352282756
Kalobeyei (Village 2),Rice,prophet,5,13.334000000000007,10.911724893372165,41.13870663031754,35.04231010473061
Kalobeyei (Village 2),Salt,prophet,5,11.330000000000002,15.325988493083612,16.527692372965344,22.235630513223096
Kalobeyei (Village 2),Sugar,prophet,5,3.932000000000005,2.621876279566722,92.69471066266235,61.903956669571755
Kalobeyei (Village 2),Wheat flour,prophet,5,3.2659999999999996,3.788208033036357,51.619732516772025,59.639522281724155
Kalobeyei (Village 3),Beans (dry),prophet,5,4.0,3.7026971185427024,72.06661205273578,66.34726804776916
Kalobeyei (Village 3),Maize flour,prophet,5,1.3319999999999994,1.6317319692787706,40.35338927669811,49.75342114817355
Kalobeyei (Village 3),Rice,prophet,5,11.0,9.1601624694087,34.88037838572095,31.26588779896688
Kalobeyei (Village 3),Salt,prophet,5,5.0,6.8181818181818175,23.254478755984728,31.581962623240923
Kalobeyei (Village 3),Sugar,prophet,5,3.0,1.9508241631776848,61.991029753350496,40.55317645103563
Kalobeyei (Village 3),Wheat flour,prophet,5,3.4659999999999997,3.7618141910141776,32.70213720849004,36.93252375530755
Kilifi,Beans (dry),prophet,7,2.3714285714285706,2.2318906438310466,7.177811552345817,6.789794925682294
Kilifi,Maize (white),prophet,7,2.2857142857142825,5.6791657401040165,3.9429304946286874,9.477646073516663
Kitui,Beans (dry),prophet,18,4.3888888888888875,4.9522245182800715,7.116398131815881,7.979148724536945
Kitui,Maize (white),prophet,18,2.011111111111111,5.658255993080123,6.760886823237448,19.060508104964242
Lodwar (Turkana),Maize (white),prophet,11,2.5454545454545454,3.8287383122949956,31.96488033147657,48.30010054559033
Mandera,Maize (white),prophet,15,2.0399999999999996,2.5034220580704907,18.856439536612932,23.163877317093753
Marigat (Baringo),Beans (dry),prophet,7,6.371428571428573,5.463958649060699,10.877252172393751,8.920305367478907
Marigat (Baringo),Maize (white),prophet,7,2.0,4.67625344018091,3.589949654352328,8.276902709330294
Marsabit,Maize (white),prophet,17,1.7999999999999996,3.8520367965524236,2.5238319619241714,5.406753415757813
Mogadishu (Kakuma),Beans (dry),prophet,4,27.502499999999994,23.663584027733762,72.5238589040727,60.818739714993164
Mogadishu (Kakuma),Maize flour,prophet,5,4.1659999999999995,4.98519559067408,33.406330831835376,39.52743996945103
Mogadishu (Kakuma),Rice,prophet,5,24.889999999999997,17.97813789378825,53.07057327248865,40.259436028048945
Mogadishu (Kakuma),Salt,prophet,5,12.08,18.159999999999997,18.183617794735103,25.27395579507546
Mogadishu (Kakuma),Sugar,prophet,5,6.610000000000002,4.214606405961639,58.90427648711875,36.93280870943095
Nairobi,Bread,prophet,18,1.3888888888888888,1.2630177746456817,6.307031867453186,5.7006710370333336
